Famiglia,Prodotto
skoda 1554,F010-001554
ABARTH,F010-000728
ABARTH,F010-000924
ABARTH,F010-001317
ABARTH,F010-001318
ABARTH,F010-001319
ABARTH,S010-000728AS
AEGEA,F010-001450
AERO J1,F010-001358
AERO J1,F010-001358K1
AERO J1,F010-001359
AERO J1,F010-001359K1
AERO J1,F010-001360
AERO J1,F010-001360K1
AERO J1,F010-001361
AERO J1,F010-001361K1
AERO J1,F010-001362
AERO J1,F010-001362K1
AERO J1,F010-001363
AERO J1,F010-001363K1
AERO J1,F010-001364
AERO J1,F010-001364K1
AERO J1,F010-001365
AERO J1,F010-001365K1
AERO J1,F010-001366
AERO J1,F010-001366K1
AERO J1,F010-001367
AERO J1,F010-001367K1
AERO J1,F010-001368
AERO J1,F010-001368K1
AERO J1,F010-001369
AERO J1,F010-001369K1
AERO J1,F010-001370
AERO J1,F010-001370K1
AERO J1,F010-001371
AERO J1,F010-001371K1
AERO J1,F010-001372
AERO J1,F010-001372K1
AERO J1,F010-001373
AERO J1,F010-001373K1
AERO J1,F010-001374
AERO J1,F010-001374K1
AERO J1,F010-001375
AERO J1,F010-001375K1
AERO J1,F010-001376
AERO J1,F010-001376K1
AERO J1,F010-001377
AERO J1,F010-001377K1
AERO J1,F010-001537
AERO J1,F010-001537K1
AERO J1,F010-001538
AERO J1,F010-001538K1
AERO J1,F010-001539
AERO J1,F010-001539K1
AERO J1,F010-001540
AERO J1,F010-001540K1
AERO J1,F010-001577
AERO J1,F010-001578
AERO J1,F010-001579
AERO J1,F010-001580
AERO J1,F010-001592
AERO J1,F010-001593
AERO J1,F010-001594
AERO J1,F010-001595
AERO J1,F010-001596
AERO J1,F010-001597
AERO J1,F010-001598
AERO J1,F010-001599
AERO J1,F010-001600
AERO J1,F010-001601
AERO J1,F010-001602
AERO J1,F010-001603
AERO J1,F010-001604
AERO J1,F010-001605
AERO J1,F010-001606
AERO J1,F010-001607
AERO J1,F010-001608
AERO J1,F010-001609
AERO J1,F010-001610
AERO J1,F010-001611
AERO J1,F010-001612
AERO J1,F010-001613
AERO J1,F010-001614
AERO J1,F010-001615
AERO J1,F010-001616
AERO J1,F010-001617
AERO J1,F010-001618
AERO J1,F010-001619
AERO J1,F010-001620
AERO J1,F010-001621
AERO J1,F010-001622
AERO J1,F010-001623
AERO J1,F010-001624
AERO J1,F010-001625
AERO J1,F010-001626
AERO J1,F010-001627
AERO J1,F010-001628
AERO J1,F010-001629
AERO J1,F010-001630
AERO J1,F010-001631
AERO J1,F010-001632
AERO J1,F010-001633
AERO J1,F010-001634
AERO J1,F010-001635
AERO J1,F010-001636
AERO J1,F010-001637
AERO J1,F010-001638
AERO J1,F010-001639
AERO J1,F010-001649
AERO J1,F010-001650
AERO J1,F010-001651
AERO J1,F010-001652
AERO J1,F010-001653
AERO J1,F010-001654
AERO J1,F010-001655
AERO J1,F010-001656
AERO J1,F010-001663
AERO J1,F010-001664
AERO J1,F010-001665
AERO J1,F010-001666
AERO J1,F010-001669
AERO J1,F010-001670
AERO J1,F010-001671
AERO J1,F010-001672
ALFA ROMEO,2127
ALFA ROMEO,002131A
ALFA ROMEO,F010-000643
ALFA ROMEO,F010-000660
ALFA ROMEO,F010-000664
ALFA ROMEO,F010-000665
ALFA ROMEO,F010-001440
ALFA ROMEO,F010-001560
ALPINA,F010-000330
ALPINA,F010-000762
AMG,F010-000649K4
AMG,F010-001005K4
ARTICOLI PVD,F010-001033
ARTICOLI PVD,F010-001271
ARTICOLI PVD,F010-001332
ARTICOLI PVD,F010-001396
ARTICOLI PVD,F010-001430
ARTICOLI PVD,F010-001531
ARTICOLI PVD,F010-001698
ARTICOLI PVD,S010-000891VE
ARTICOLI PVD,S010-000892VE
ARTICOLI PVD,S010-001503VE
ARTICOLI PVD,S010-001504VE
ARTICOLI VEPLA,F010-001574
ARTICOLI VEPLA,F010-001574R
ARTICOLI VEPLA,F010-001590
ARTICOLI VEPLA,S010-001574VE
ASTON MARTIN,F010-001339
AUDI,F010-001037
AUDI,F010-001183
AUDI,F010-001238
AUDI,F010-001343
AUDI,F010-001449
BMW,F010-000053
BMW,F010-000200
BMW,F010-000373
BMW,F010-000646
BMW,F010-001100
BMW,F010-001121
BMW,F010-001170
BMW,F010-001187
BMW 5 alette,F010-000403
BMW 5 alette,F010-000403B
BMW 5 alette,S010-000403SL
BMW 5 alette,S010-000403VE
BMW F010-000948,F010-000948
BMW F010-000948,S010-000948SL
CHIAVE,F010-000412A
CHIAVE,F010-000803A
CHIAVETTE,F010-000253
CHIAVETTE,F010-000679
CHIAVETTE,F010-000771
CITROEN,F010-000279
COPPARUOTA-PORSCHE-EMBLEMA,F010-000641K1
COPPARUOTA-PORSCHE-EMBLEMA,F010-000860K1
COPPARUOTA-PORSCHE-EMBLEMA,F010-000900
COPPARUOTA-PORSCHE-EMBLEMA,F010-001489HEN
COPPARUOTA-PORSCHE-EMBLEMA,F010-001490HEN
COPPARUOTA-PORSCHE-EMBLEMA,F010-001491HEN
COPPARUOTA-PORSCHE-EMBLEMA,F010-001692
COPPARUOTA-PORSCHE-EMBLEMA,S010-000478VA
COPPARUOTA-PORSCHE-EMBLEMA,S010-000486SL
COPPARUOTA-PORSCHE-EMBLEMA,S010-000504VEP
COPPARUOTA-PORSCHE-EMBLEMA,S010-000506VA
COPPARUOTA-PORSCHE-EMBLEMA,S010-000520SL
COPPARUOTA-PORSCHE-EMBLEMA,S010-000521SL
COPPARUOTA-PORSCHE-EMBLEMA,S010-000522SL
COPPARUOTA-PORSCHE-EMBLEMA,S010-000523SL
copparuota-porsche-finito,F010-000492
copparuota-porsche-finito,F010-000492K1
copparuota-porsche-finito,F010-000494
copparuota-porsche-finito,F010-000495K1
copparuota-porsche-finito,F010-000496K1
copparuota-porsche-finito,F010-000497
copparuota-porsche-finito,F010-000499
copparuota-porsche-finito,F010-000500K1
copparuota-porsche-finito,F010-000526
copparuota-porsche-finito,F010-000526K1
copparuota-porsche-finito,F010-000527
copparuota-porsche-finito,F010-000527K1
copparuota-porsche-finito,F010-000528B
copparuota-porsche-finito,F010-000528K1
copparuota-porsche-finito,F010-000529K1
copparuota-porsche-finito,F010-000530
copparuota-porsche-finito,F010-000531B
copparuota-porsche-finito,F010-000532
copparuota-porsche-finito,F010-000532K1
copparuota-porsche-finito,F010-000533
copparuota-porsche-finito,F010-000533K1
copparuota-porsche-finito,F010-000534
copparuota-porsche-finito,F010-000534HEN
copparuota-porsche-finito,F010-000534K1
copparuota-porsche-finito,F010-000535K1
copparuota-porsche-finito,F010-000536K1
copparuota-porsche-finito,F010-000539K1
copparuota-porsche-finito,F010-000540
copparuota-porsche-finito,F010-000541K1
copparuota-porsche-finito,F010-000586
copparuota-porsche-finito,F010-000588
copparuota-porsche-finito,F010-000644K1
copparuota-porsche-finito,F010-000662K1
copparuota-porsche-finito,F010-000787
copparuota-porsche-finito,F010-000838
copparuota-porsche-finito,F010-000839
copparuota-porsche-finito,F010-000840
copparuota-porsche-finito,F010-000844
copparuota-porsche-finito,F010-000845
copparuota-porsche-finito,F010-000846
copparuota-porsche-finito,F010-000847
copparuota-porsche-finito,F010-000870
copparuota-porsche-finito,F010-000870HEN
copparuota-porsche-finito,F010-000870K1
copparuota-porsche-finito,F010-000871B
copparuota-porsche-finito,F010-000884
copparuota-porsche-finito,F010-000884K1
copparuota-porsche-finito,F010-001008
copparuota-porsche-finito,F010-001008HEN
copparuota-porsche-finito,F010-001008K1
copparuota-porsche-finito,F010-001068K1
copparuota-porsche-finito,F010-001095
copparuota-porsche-finito,F010-001161
copparuota-porsche-finito,F010-001162
copparuota-porsche-finito,F010-001163
copparuota-porsche-finito,F010-001164
copparuota-porsche-finito,F010-001165
copparuota-porsche-finito,F010-001166
copparuota-porsche-finito,F010-001167
copparuota-porsche-finito,F010-001168
copparuota-porsche-finito,F010-001169
copparuota-porsche-finito,F010-001171
copparuota-porsche-finito,F010-001172CT4
copparuota-porsche-finito,F010-001173
copparuota-porsche-finito,F010-001177CT4
copparuota-porsche-finito,F010-001180
copparuota-porsche-finito,F010-001184CT4
copparuota-porsche-finito,F010-001211K1
copparuota-porsche-finito,F010-001250
copparuota-porsche-finito,F010-001254
copparuota-porsche-finito,F010-001383
copparuota-porsche-finito,F010-001384
copparuota-porsche-finito,F010-001385
copparuota-porsche-finito,F010-001385K1
copparuota-porsche-finito,F010-001386
copparuota-porsche-finito,F010-001386A
copparuota-porsche-finito,F010-001387
copparuota-porsche-finito,F010-001388
copparuota-porsche-finito,F010-001389
copparuota-porsche-finito,F010-001390
copparuota-porsche-finito,F010-001391
copparuota-porsche-finito,F010-001392
copparuota-porsche-finito,F010-001393
copparuota-porsche-finito,F010-001393K1
copparuota-porsche-finito,F010-001395
copparuota-porsche-finito,F010-001400
copparuota-porsche-finito,F010-001400K1
copparuota-porsche-finito,F010-001401
copparuota-porsche-finito,F010-001401K1
copparuota-porsche-finito,F010-001402
copparuota-porsche-finito,F010-001403
copparuota-porsche-finito,F010-001403A
copparuota-porsche-finito,F010-001403K1
copparuota-porsche-finito,F010-001404
copparuota-porsche-finito,F010-001404HEN
copparuota-porsche-finito,F010-001404K1
copparuota-porsche-finito,F010-001405
copparuota-porsche-finito,F010-001405HEN
copparuota-porsche-finito,F010-001405K1
copparuota-porsche-finito,F010-001406
copparuota-porsche-finito,F010-001406HEN
copparuota-porsche-finito,F010-001406K1
copparuota-porsche-finito,F010-001407
copparuota-porsche-finito,F010-001407A
copparuota-porsche-finito,F010-001407HEN
copparuota-porsche-finito,F010-001407K1
copparuota-porsche-finito,F010-001408
copparuota-porsche-finito,F010-001408K1
copparuota-porsche-finito,F010-001409
copparuota-porsche-finito,F010-001409A
copparuota-porsche-finito,F010-001409HEN
copparuota-porsche-finito,F010-001409K1
copparuota-porsche-finito,F010-001410
copparuota-porsche-finito,F010-001412
copparuota-porsche-finito,F010-001413
copparuota-porsche-finito,F010-001415
copparuota-porsche-finito,F010-001415A
copparuota-porsche-finito,F010-001415HEN
copparuota-porsche-finito,F010-001415K1
copparuota-porsche-finito,F010-001416
copparuota-porsche-finito,F010-001416A
copparuota-porsche-finito,F010-001416K1
copparuota-porsche-finito,F010-001417
copparuota-porsche-finito,F010-001417A
copparuota-porsche-finito,F010-001418
copparuota-porsche-finito,F010-001418HEN
copparuota-porsche-finito,F010-001418K1
copparuota-porsche-finito,F010-001422HEN
copparuota-porsche-finito,F010-001427
copparuota-porsche-finito,F010-001435
copparuota-porsche-finito,F010-001435A
copparuota-porsche-finito,F010-001435HEN
copparuota-porsche-finito,F010-001435K1
copparuota-porsche-finito,F010-001436
copparuota-porsche-finito,F010-001437
copparuota-porsche-finito,F010-001438
copparuota-porsche-finito,F010-001446HEN
copparuota-porsche-finito,F010-001455
copparuota-porsche-finito,F010-001456
copparuota-porsche-finito,F010-001457
copparuota-porsche-finito,F010-001460
copparuota-porsche-finito,F010-001461
copparuota-porsche-finito,F010-001461A
copparuota-porsche-finito,F010-001461K1
copparuota-porsche-finito,F010-001463
copparuota-porsche-finito,F010-001463HEN
copparuota-porsche-finito,F010-001465
copparuota-porsche-finito,F010-001465HEN
copparuota-porsche-finito,F010-001465K1
copparuota-porsche-finito,F010-001466HEN
copparuota-porsche-finito,F010-001467
copparuota-porsche-finito,F010-001467K1
copparuota-porsche-finito,F010-001469
copparuota-porsche-finito,F010-001470
copparuota-porsche-finito,F010-001484
copparuota-porsche-finito,F010-001485
copparuota-porsche-finito,F010-001485A
copparuota-porsche-finito,F010-001485K1
copparuota-porsche-finito,F010-001486
copparuota-porsche-finito,F010-001487
copparuota-porsche-finito,F010-001487HEN
copparuota-porsche-finito,F010-001487K1
copparuota-porsche-finito,F010-001490
copparuota-porsche-finito,F010-001493
copparuota-porsche-finito,F010-001493K1
copparuota-porsche-finito,F010-001494
copparuota-porsche-finito,F010-001495
copparuota-porsche-finito,F010-001496
copparuota-porsche-finito,F010-001496K1
copparuota-porsche-finito,F010-001524
copparuota-porsche-finito,F010-001524K1
copparuota-porsche-finito,F010-001527
copparuota-porsche-finito,F010-001532
copparuota-porsche-finito,F010-001532HEN
copparuota-porsche-finito,F010-001532K1
copparuota-porsche-finito,F010-001543
copparuota-porsche-finito,F010-001556
copparuota-porsche-finito,F010-001557
copparuota-porsche-finito,F010-001558
copparuota-porsche-finito,F010-001561
copparuota-porsche-finito,F010-001581
copparuota-porsche-finito,F010-001582
copparuota-porsche-finito,F010-001647A
copparuota-porsche-finito,F010-001696
copparuota-porsche-finito,F010-001696CT4
copparuota-porsche-finito,F010-001733
copparuota-porsche-finito,F010-001743
copparuota-porsche-finito,F010-001744
copparuota-porsche-finito,F010-001745
copparuota-porsche-finito,F010-001746
copparuota-porsche-finito,F010-001747
copparuota-porsche-finito,F010-001748
copparuota-porsche-finito,F010-001749
copparuota-porsche-finito,F010-001763
copparuota-porsche-finito,S010-000487SB
copparuota-porsche-finito,S010-000489SB
copparuota-porsche-finito,S010-000490FO
copparuota-porsche-finito,S010-000490TR
COPPETTA500&600,F010-001096
COPPETTA500&600,F010-001227
COPPETTA500&600,F010-001340
COPRIMOTORE,F010-000078
COPRIMOTORE,S010-000078SL
COPRIMOTORE PORSCHE,F010-000695
COPRIMOTORE PORSCHE,F010-000697
COPRIMOTORE PORSCHE,F010-000702
COPRIMOTORE PORSCHE,F010-000796
COPRIMOTORE PORSCHE,F010-000814
COPRIMOTORE PORSCHE,F010-000815
COPRIMOTORE PORSCHE,F010-000816
COPRIMOTORE PORSCHE,F010-001002
COPRIMOTORE PORSCHE,F010-001084
COPRIMOTORE PORSCHE,F010-001094
COPRIMOTORE PORSCHE,F010-001119
COPRIMOTORE PORSCHE,F010-001128
COPRIMOTORE PORSCHE,F010-001129
COPRIMOTORE PORSCHE,F010-001216
COPRIVALVOLA,F010-000751
COPRIVALVOLA,F010-000752
CUPRA,F010-000912
CUPRA,F010-001590
DAB Citroen,F010-001396
Dab Fiat 139,F010-000876
Dab Fiat 139,F010-001572
Dab Fiat 139,S010-001572TR
DAB SKODA,F010-000894
DAB SKODA,F010-001517
DAB SKODA,S010-000891VE
DAB SKODA,S010-000892VE
DAB SKODA,S010-000894P
DAB SKODA,S010-001514VE
DAB SKODA,S010-001515VE
DAB SKODA,S010-001517P
DAB Volvo,F010-001299
DAB Volvo,F010-001337
DACIA,F010-001270
DAF,F010-000432
DS,F010-000760
DS,F010-000761
DS,F010-001123
DS,F010-001573
DUCATI,F010-000638
DUCATI,F010-000639
DUCATI,F010-001047
DUCATI,F010-001069
DUCATI,F010-001108
DUCATI,F010-001338
DUCATI,F010-001342
EMBLEMA-MINI,F010-001328
F010-001330 DAB RENAULT NBI1,F010-001330
F010-001330 DAB RENAULT NBI1,S010-001330SL
FCA,F010-000899
FERRARI,F010-000808
FERRARI,F010-001501
FERRARI,F010-001691
FERRARI,F010-001772
FIAT,F010-001064
FIAT,F010-001378
FIAT,F010-001431
FIAT,F010-001574
FIAT,S010-001431FVE
FIAT,S010-001574SL
FISKER,F010-001334
FORD,F010-000446
FORD,F010-000877
G60,F010-001262P
G60,F010-001264P
G60,F010-001266P
G60,F010-001267P
G60,F010-001268P
G60,F010-001269P
G60 RP,S010-001262RP
G60 RP,S010-001264RP
G60 RP,S010-001266RP
G60 RP,S010-001267RP
G60 RP,S010-001268RP
G60 RP,S010-001269RP
g60-alu,S010-001262SL
g60-alu,S010-001264SL
g60-alu,S010-001266SL
g60-alu,S010-001267SL
g60-alu,S010-001268SL
g60-alu,S010-001269SL
G60-TOTALE,F010-001262P
G60-TOTALE,F010-001264P
G60-TOTALE,F010-001266P
G60-TOTALE,F010-001267P
G60-TOTALE,F010-001268P
G60-TOTALE,F010-001269P
G60-TOTALE,S010-001262RP
G60-TOTALE,S010-001262SL
G60-TOTALE,S010-001264RP
G60-TOTALE,S010-001264SL
G60-TOTALE,S010-001266RP
G60-TOTALE,S010-001266SL
G60-TOTALE,S010-001267RP
G60-TOTALE,S010-001267SL
G60-TOTALE,S010-001268RP
G60-TOTALE,S010-001268SL
G60-TOTALE,S010-001269RP
G60-TOTALE,S010-001269SL
G70,F010-001234
G70,F010-001235
G70,F010-001236
G70,F010-001263
G70,F010-001265
G70,F010-001289
G70,F010-001315
G70,F010-001316
G70,F010-001451
G70,F010-001452
G70 RP,S010-001234RP
G70 RP,S010-001235RP
G70 RP,S010-001236RP
G70 RP,S010-001263RP
G70 RP,S010-001265RP
G70 RP,S010-001289RP
G70 RP,S010-001315RP
G70 RP,S010-001316RP
G70 RP,S010-001451RP
G70 RP,S010-001452RP
G70-alu,S010-001234SL
G70-alu,S010-001235SL
G70-alu,S010-001236SL
G70-alu,S010-001263SL
G70-alu,S010-001265SL
G70-alu,S010-001289SL
G70-alu,S010-001315SL
G70-alu,S010-001316SL
G70-alu,S010-001451SL
G70-alu,S010-001452SL
G70-TOTALE,F010-001234
G70-TOTALE,F010-001235
G70-TOTALE,F010-001236
G70-TOTALE,F010-001263
G70-TOTALE,F010-001265
G70-TOTALE,F010-001289
G70-TOTALE,F010-001315
G70-TOTALE,F010-001316
G70-TOTALE,F010-001451
G70-TOTALE,F010-001452
G70-TOTALE,S010-001234RP
G70-TOTALE,S010-001234SL
G70-TOTALE,S010-001235RP
G70-TOTALE,S010-001235SL
G70-TOTALE,S010-001236RP
G70-TOTALE,S010-001236SL
G70-TOTALE,S010-001263RP
G70-TOTALE,S010-001263SL
G70-TOTALE,S010-001265RP
G70-TOTALE,S010-001265SL
G70-TOTALE,S010-001289RP
G70-TOTALE,S010-001289SL
G70-TOTALE,S010-001315RP
G70-TOTALE,S010-001315SL
G70-TOTALE,S010-001316RP
G70-TOTALE,S010-001316SL
G70-TOTALE,S010-001451RP
G70-TOTALE,S010-001451SL
G70-TOTALE,S010-001452RP
G70-TOTALE,S010-001452SL
GEMME,F010-000107
GEMME,F010-000109
GEMME,F010-000110
GEMME,F010-000263
GEMME,S010-000263TA
HONDA,F010-000782
HONDA,F010-000784
IVECO,F010-000868
IVECO,F010-000885
IVECO,F010-000886
IVECO,F010-000887
IVECO,F010-000888
IVECO,F010-000889
IVECO,F010-001213
IVECO,F010-001505
IVECO,S010-000867SL
IVECO,S010-001503SL
IVECO,S010-001503VE
IVECO,S010-001504SL
IVECO,S010-001504VE
IVECO,S010-001505P
JEEP,F010-001063
LAMBORGHINI,F010-000581
LAMBORGHINI,F010-000582
LAMBORGHINI,F010-000622C
LAMBORGHINI,F010-000792
LANCIA,F010-000301-4
LATERALE FCA FINESTRINO,F010-001051
LATERALE FCA FINESTRINO,F010-001052
LATERALE FCA FINESTRINO,F010-001053ALLMARKET
LATERALE FCA FINESTRINO,F010-001054ALLMARKET
LATERALE FCA FINESTRINO,F010-001228
LATERALE FCA FINESTRINO,F010-001229
LATERALE FCA FINESTRINO,F010-001565
LATERALE FCA FINESTRINO,F010-001565R
LATERALE FCA FINESTRINO,F010-001566
LATERALE FCA FINESTRINO,F010-001566R
LATERALE FCA FINESTRINO,F010-001567
LATERALE FCA FINESTRINO,F010-001567R
LATERALE FCA FINESTRINO,F010-001568
LATERALE FCA FINESTRINO,F010-001568R
LATERALE FCA FINESTRINO,F010-001686
LATERALE FCA FINESTRINO,F010-001687
LATERALE LOTUS,F010-001039
LATERALE LOTUS,F010-001680
LATERALE LOTUS,F010-001681
LATERALE LOTUS,F010-001682
LATERALE LOTUS,F010-001683
LATERALE LOTUS,F010-001684
LATERALE LOTUS,F010-001685
LATERALE LOTUS,F010-001694
LATERALE LOTUS,F010-001751
LATERALE LOTUS,F010-001752
LATERALE LOTUS,F010-001753
LATERALE LOTUS,F010-001754
LATERALE LOTUS,F010-001755
LATERALE LOTUS,F010-001756
LATERALE LOTUS,F010-001757
LATERALE LOTUS,F010-001758
LATERALE LOTUS,F010-001759
LATERALE LOTUS,F010-001760
LATERALE LOTUS,F010-001764
LATERALE LOTUS,F010-001765
LOGO QUADRIFOGLIO,F010-000416
LOGO QUADRIFOGLIO,F010-000417
LOGO QUADRIFOGLIO,F010-000422
LOGO QUADRIFOGLIO,F010-000423
Lotus UK,F010-001535
Lotus UK,F010-001536
LOTUSCINA,F010-001300
LOTUSCINA,F010-001302
LOTUSCINA,F010-001398
LOTUSCINA,F010-001399
MASERATI,F010-000467
MASERATI,F010-000550
MASERATI,F010-000551
MASERATI,F010-000553
MASERATI,F010-000553C
MASERATI,F010-000577
MASERATI,F010-000597A
MASERATI,F010-000724
MASERATI,F010-000725
MASERATI,F010-000907
MASERATI,F010-000908
MASERATI,F010-000909
MASERATI,F010-000910
MASERATI,F010-001086
MASERATI,F010-001088
MASERATI,F010-001101
MASERATI,F010-001115
MASERATI,F010-001116
MASERATI,F010-001117
MASERATI,F010-001118
MASERATI,F010-001122
MASERATI,F010-001126
MASERATI,F010-001189
MASERATI,F010-001195
MASERATI,F010-001202
MASERATI,F010-001215
MASERATI,F010-001323
MASERATI,F010-001439
MASERATI,S010-001189AS
MCLAREN,F010-001188
NEW HOLLAND,F010-000020A
NEW HOLLAND,F010-000030
NEW HOLLAND,F010-000287
NEW HOLLAND,F010-000288
NEW HOLLAND,F010-001034
NEW HOLLAND,F010-001036
NEW HOLLAND,F010-001038
NEW HOLLAND,F010-001043
NEW HOLLAND,F010-001742
NEW HOLLAND,F010-001773
PEUGEOT,F010-001333
PEUGEOT F010-001297,F010-001297
PEUGEOT F010-001297,S010-001297SL
PLANCIA AUDI,F010-001045A
PORSCHE,S010-001168RP
PORSCHE,S010-001169RP
PORSCHE-AIRBAG,F010-000671B
PORSCHE-AIRBAG,F010-000828
PORSCHE-AIRBAG,F010-000869
PORSCHE-AIRBAG,F010-001006
PORSCHE-AIRBAG,F010-001322
PORSCHE-AIRBAG,F010-001336
RENAULT,F010-000296A
RENAULT,F010-001218
RENAULT,F010-001298
RENAULT,F010-001444B
RENAULT,F010-001689
RENAULT,F010-001775
RUOTA CITROEN,F010-000684
RUOTA PEUGEOT,F010-000685
SEAT,F010-000300
SEAT,F010-001521C
SEAT,F010-001522C
SIGLE PORSCHE,F010-001138
SIGLE PORSCHE,F010-001138K1
SIGLE PORSCHE,F010-001139
SIGLE PORSCHE,F010-001139K1
SIGLE PORSCHE,F010-001140
SIGLE PORSCHE,F010-001140K1
SIGLE PORSCHE,F010-001148
SIGLE PORSCHE,F010-001148A
SIGLE PORSCHE,F010-001148K1
SIGLE PORSCHE,F010-001149
SIGLE PORSCHE,F010-001149A
SIGLE PORSCHE,F010-001149K1
SIGLE PORSCHE,F010-001150
SIGLE PORSCHE,F010-001150A
SIGLE PORSCHE,F010-001150K1
SIGLE PORSCHE,F010-001151
SIGLE PORSCHE,F010-001151A
SIGLE PORSCHE,F010-001151K1
SIGLE PORSCHE,F010-001152A
SIGLE PORSCHE,F010-001152K1
SIGLE PORSCHE,F010-001153A
SIGLE PORSCHE,F010-001153K1
SIGLE PORSCHE,F010-001155
SIGLE PORSCHE,F010-001155K1
SIGLE PORSCHE,F010-001156
SIGLE PORSCHE,F010-001156K1
SIGLE PORSCHE,F010-001159A
SIGLE PORSCHE,F010-001159K1
SIGLE PORSCHE,F010-001160A
SIGLE PORSCHE,F010-001160K1
SIGLE PORSCHE,F010-001196
SIGLE PORSCHE,F010-001197
SIGLE PORSCHE,F010-001198
SIGLE PORSCHE,F010-001286
SIGLE PORSCHE,F010-001286K1
SIGLE PORSCHE,F010-001287
SIGLE PORSCHE,F010-001287K1
SIGLE PORSCHE,F010-001397
SIGLE PORSCHE,F010-001397K1
SIGLE PORSCHE,F010-001445
SIGLE PORSCHE,F010-001445K1
SIGLE PORSCHE,F010-001497
SIGLE PORSCHE,F010-001497A
SIGLE PORSCHE,F010-001497K1
SIGLE PORSCHE,F010-001498
SIGLE PORSCHE,F010-001498A
SIGLE PORSCHE,F010-001498K1
SIGLE PORSCHE,F010-001499
SIGLE PORSCHE,F010-001499K1
SKODA,F010-000462
SKODA,F010-000464